/888-san-mateo	/
/about	http://www.sares-regis.com
/alisocreek	https://www.alisocreekapts.com/
/alisocreek/amenities	https://www.alisocreekapts.com/
/alisocreek/contact	https://www.alisocreekapts.com/
/alisocreek/floorplans	https://www.alisocreekapts.com/
/alisocreek/location	https://www.alisocreekapts.com/
/alisocreek/photo_gallery	https://www.alisocreekapts.com/
/alisocreek/residents	https://www.alisocreekapts.com/
/alta-vista-apts-escondido-ca	https://www.altavistaapthomes.com/
/alterra	/
/alterra/amenities	/
/alterra/contact	/
/alterra/floorplans	/
/alterra/location	/
/alterra/photo_gallery	/
/alterra/residents	/
/anaheimhills55	https://www.fountainglen.com/
/arabella	https://www.arabellaapts.com/
/arabella/amenities	https://www.arabellaapts.com/
/arabella/contact	https://www.arabellaapts.com/
/arabella/floorplans	https://www.arabellaapts.com/
/arabella/location	https://www.arabellaapts.com/
/arabella/photo_gallery	https://www.arabellaapts.com/
/arabella/residents	https://www.arabellaapts.com/
/arizona	/phoenix-apartments-for-rent/
/arizona/phoenix	/phoenix-apartments-for-rent/
/aviara	https://www.aviarasanjose.com/
/aviara/amenities	https://www.aviarasanjose.com/
/aviara/contact	https://www.aviarasanjose.com/
/aviara/floorplans	https://www.aviarasanjose.com/
/aviara/location	https://www.aviarasanjose.com/
/aviara/photo_gallery	https://www.aviarasanjose.com/
/aviara/residents	https://www.aviarasanjose.com/
/barrington	https://www.barringtonplaceliving.com/
/barrington/amenities	https://www.barringtonplaceliving.com/
/barrington/contact	https://www.barringtonplaceliving.com/
/barrington/floorplans	https://www.barringtonplaceliving.com/
/barrington/location	https://www.barringtonplaceliving.com/
/barrington/photo_gallery	https://www.barringtonplaceliving.com/
/barrington/residents	https://www.barringtonplaceliving.com/
/bluffs	https://www.thebluffshr.com/
/bluffs/amenities	https://www.thebluffshr.com/
/bluffs/contact	https://www.thebluffshr.com/
/bluffs/floorplans	https://www.thebluffshr.com/
/bluffs/location	https://www.thebluffshr.com/
/bluffs/photo_gallery	https://www.thebluffshr.com/
/bluffs/residents	https://www.thebluffshr.com/
/boulevard-woodland-hills	https://boulevardwoodlandhills.com/
/bridgwater	https://www.bridgwaterapts.com/
/bridgwater/	https://www.bridgwaterapts.com/
/bridgwater/amenities	https://www.bridgwaterapts.com/
/bridgwater/contact	https://www.bridgwaterapts.com/
/bridgwater/floorplans	https://www.bridgwaterapts.com/
/bridgwater/location	https://www.bridgwaterapts.com/
/bridgwater/photo_gallery	https://www.bridgwaterapts.com/
/bridgwater/residents	https://www.bridgwaterapts.com/
/brookwood	https://www.brookwoodvillas.com/
/brookwood/amenities	https://www.brookwoodvillas.com/
/brookwood/contact	https://www.brookwoodvillas.com/
/brookwood/floorplans	https://www.brookwoodvillas.com/
/brookwood/location	https://www.brookwoodvillas.com/
/brookwood/photo_gallery	https://www.brookwoodvillas.com/
/brookwood/residents	https://www.brookwoodvillas.com/
/caminoreal	/
/caminoreal/amenities	/
/caminoreal/contact	/
/caminoreal/floorplans	/
/caminoreal/location	/
/caminoreal/photo_gallery	/
/caminoreal/residents	/
/canyonpark	https://www.canyonparkapartmenthomes.com/
/canyonpark/amenities	https://www.canyonparkapartmenthomes.com/
/canyonpark/contact	https://www.canyonparkapartmenthomes.com/
/canyonpark/floorplans	https://www.canyonparkapartmenthomes.com/
/canyonpark/location	https://www.canyonparkapartmenthomes.com/
/canyonpark/photo_gallery	https://www.canyonparkapartmenthomes.com/
/canyonpark/residents	https://www.canyonparkapartmenthomes.com/
/capemay	https://www.capemayapts.com/
/capemay/amenities	https://www.capemayapts.com/
/capemay/contact	https://www.capemayapts.com/
/capemay/floorplans	https://www.capemayapts.com/
/capemay/location	https://www.capemayapts.com/
/capemay/photo_gallery	https://www.capemayapts.com/
/capemay/residents	https://www.capemayapts.com/
/careers	https://careers-sares-regis.icims.com/jobs/intro?hashed=-435627079&mobile=false&width=1012&height=500&bga=true&needsRedirect=false&jan1offset=-480&jun1offset=-420
/cascades	https://www.cascadesanaheimhills.com/
/cascades/	https://www.cascadesanaheimhills.com/
/cascades/amenities	https://www.cascadesanaheimhills.com/
/cascades/contact	https://www.cascadesanaheimhills.com/
/cascades/floorplans	https://www.cascadesanaheimhills.com/
/cascades/location	https://www.cascadesanaheimhills.com/
/cascades/photo_gallery	https://www.cascadesanaheimhills.com/
/cascades/residents	https://www.cascadesanaheimhills.com/
/colonnadeapartments	http://www.leaselosaltos.com/
/colorado	/denver-apartments-for-rent/
/colorado/denver	/denver-apartments-for-rent/
/colorado/northglenn	/northglenn-denver-co-apartments-for-rent/
/communities	/
/eastown-la	https://www.eastownla.com/
/fountainglen-anaheim-hills	https://www.fountainglen.com/
/fountainglen-anaheim-hills/neighborhood	https://www.fountainglen.com/
/fountainglen-anaheim-hills/residents	https://www.fountainglen.com/
/fountainglen-grand-isle	https://www.fountainglengrandisle.com/
/fountainglen-grand-isle/neighborhood	https://www.fountainglengrandisle.com/
/fountainglen-grand-isle/residents	https://www.fountainglengrandisle.com/
/fountainglen-jacaranda	https://www.fountainglenjacaranda.com/
/fountainglen-jacaranda/neighborhood	https://www.fountainglenjacaranda.com/
/fountainglen-jacaranda/residents	https://www.fountainglenjacaranda.com/
/fountainglen-laguna-niguel	https://www.fountainglenlagunaniguel.com/
/fountainglen-laguna-niguel/neighborhood	https://www.fountainglenlagunaniguel.com/
/fountainglen-laguna-niguel/residents	https://www.fountainglenlagunaniguel.com/
/fountainglen-pasadena	https://www.fountainglenpasadena.com/
/fountainglen-pasadena/neighborhood	https://www.fountainglenpasadena.com/
/fountainglen-pasadena/residents	https://www.fountainglenpasadena.com/
/fountainglen-rancho-santa-margarita	https://www.fountainglenranchosantamargarita.com/
/fountainglen-rancho-santa-margarita/neighborhood	https://www.fountainglenranchosantamargarita.com/
/fountainglen-rancho-santa-margarita/residents	https://www.fountainglenranchosantamargarita.com/
/fountainglen-seacliff	https://www.fountainglenseacliff.com/
/fountainglen-seacliff/neighborhood	https://www.fountainglenseacliff.com/
/fountainglen-seacliff/residents	https://www.fountainglenseacliff.com/
/fountainglen-stevenson-ranch	https://www.fountainglenstevensonranch.com/
/fountainglen-stevenson-ranch/neighborhood	https://www.fountainglenstevensonranch.com/
/fountainglen-stevenson-ranch/residents	https://www.fountainglenstevensonranch.com/
/fountainglen-temecula	https://www.fountainglentemecula.com/
/fountainglen-temecula/neighborhood	https://www.fountainglentemecula.com/
/fountainglen-temecula/residents	https://www.fountainglentemecula.com/
/fountainglen-terra-vista	https://www.fountainglenterravista.com/
/fountainglen-terra-vista/neighborhood	https://www.fountainglenterravista.com/
/fountainglen-terra-vista/residents	https://www.fountainglenterravista.com/
/fountainglen-valencia	https://www.fountainglenvalencia.com/
/fountainglen-valencia/neighborhood	https://www.fountainglenvalencia.com/
/fountainglen-valencia/residents	https://www.fountainglenvalencia.com/
/grandisle55	https://www.fountainglengrandisle.com/
/grove	https://www.thegroveontario.com/
/grove/amenities	https://www.thegroveontario.com/
/grove/contact	https://www.thegroveontario.com/
/grove/floorplans	https://www.thegroveontario.com/
/grove/location	https://www.thegroveontario.com/
/grove/photo_gallery	https://www.thegroveontario.com/
/grove/residents	https://www.thegroveontario.com/
/harborpointe	https://www.harborpointeliving.com/
/harborpointe/amenities	https://www.harborpointeliving.com/
/harborpointe/contact	https://www.harborpointeliving.com/
/harborpointe/floorplans	https://www.harborpointeliving.com/
/harborpointe/location	https://www.harborpointeliving.com/
/harborpointe/photo_gallery	https://www.harborpointeliving.com/
/harborpointe/residents	https://www.harborpointeliving.com/
/hiddenwillows	/
/hiddenwillows/amenities	/
/hiddenwillows/contact	/
/hiddenwillows/floorplans	/
/hiddenwillows/location	/
/hiddenwillows/photo_gallery	/
/hiddenwillows/residents	/
/hillsofcorona	/
/hillsofcorona/amenities	/
/hillsofcorona/contact	/
/hillsofcorona/floorplans	/
/hillsofcorona/location	/
/hillsofcorona/photo_gallery	/
/hillsofcorona/residents	/
/ironhorsetrail	/
/ironhorsetrail/amenities	/
/ironhorsetrail/contact	/
/ironhorsetrail/floorplans	/
/ironhorsetrail/location	/
/ironhorsetrail/photo_gallery	/
/ironhorsetrail/residents	/
/jacaranda55	https://www.fountainglenjacaranda.com/
/kirkercreek	/
/kirkercreek/amenities	/
/kirkercreek/contact	/
/kirkercreek/floorplans	/
/kirkercreek/location	/
/kirkercreek/photo_gallery	/
/kirkercreek/residents	/
/lagunaniguel55	https://www.fountainglenlagunaniguel.com/
/lasselle	/
/lasselle/amenities	/
/lasselle/contact	/
/lasselle/floorplans	/
/lasselle/location	/
/lasselle/photo_gallery	/
/lasselle/residents	/
/live_green	/
/maringardens	/
/maringardens/amenities	/
/maringardens/contact	/
/maringardens/floorplans	/
/maringardens/location	/
/maringardens/photo_gallery	/
/maringardens/residents	/
/monterra-in-mill-creek	https://www.monterrainmillcreek.com/
/montrachet	https://www.montrachetapts.com/
/montrachet/amenities	https://www.montrachetapts.com/
/montrachet/contact	https://www.montrachetapts.com/
/montrachet/floorplans	https://www.montrachetapts.com/
/montrachet/location	https://www.montrachetapts.com/
/montrachet/photo_gallery	https://www.montrachetapts.com/
/montrachet/residents	https://www.montrachetapts.com/
/museumgardens	/
/northern-california	/san-francisco-apartments-for-rent/
/northern-california/foster-city	/foster-city-san-francisco-ca-apartments-for-rent/
/northern-california/fremont	/san-francisco-apartments-for-rent/
/northern-california/napa	/napa-san-francisco-ca-apartments-for-rent/
/northern-california/redwood-city	/redwood-city-san-francisco-ca-apartments-for-rent/
/northern-california/san-francisco	/san-francisco-apartments-for-rent/
/northern-california/santa-clara	/santa-clara-san-francisco-ca-apartments-for-rent/
/northern-california/sf-peninsula	/san-francisco-apartments-for-rent/
/northern-california/silicon-valley-south-bay	/san-francisco-apartments-for-rent/
/northern-california/sunnyvale	/sunnyvale-san-francisco-ca-apartments-for-rent/
/northpointe	/
/northpointe/amenities	/
/northpointe/contact	/
/northpointe/floorplans	/
/northpointe/location	/
/northpointe/photo_gallery	/
/northpointe/residents	/
/oregon	/portland-apartments-for-rent/
/oregon/lake-oswego	/portland-apartments-for-rent/
/oregon/portland	/portland-apartments-for-rent/
/paloaltoplace	https://www.paloaltoplace.com/
/paloaltoplace/amenities	https://www.paloaltoplace.com/
/paloaltoplace/contact	https://www.paloaltoplace.com/
/paloaltoplace/floorplans	https://www.paloaltoplace.com/
/paloaltoplace/location	https://www.paloaltoplace.com/
/paloaltoplace/photo_gallery	https://www.paloaltoplace.com/
/paloaltoplace/residents	https://www.paloaltoplace.com/
/pasadena55	https://www.fountainglen.com/
/pine-at-sixth-long-beach-ca	https://www.pine6th.com/
/pine-at-sixth-long-beach-ca/amenities	https://www.pine6th.com/
/pine-at-sixth-long-beach-ca/contact	https://www.pine6th.com/
/pine-at-sixth-long-beach-ca/floorplans	https://www.pine6th.com/
/pine-at-sixth-long-beach-ca/floorplans/index.cfm?fuseaction=viewVirtualTours&CommunityID=124&floorplanID=112&tourID=1914	https://www.pine6th.com/
/pine-at-sixth-long-beach-ca/location	https://www.pine6th.com/
/pine-at-sixth-long-beach-ca/residents	https://www.pine6th.com/
/plaza	http://www.plazafostercity.com/
/pointeniguel	https://www.pointeniguel.com/
/pointeniguel/amenities	https://www.pointeniguel.com/
/pointeniguel/contact	https://www.pointeniguel.com/
/pointeniguel/floorplans	https://www.pointeniguel.com/
/pointeniguel/location	https://www.pointeniguel.com/
/pointeniguel/photo_gallery	https://www.pointeniguel.com/
/pointeniguel/residents	https://www.pointeniguel.com/
/promenade	https://www.promenadeliving.com/
/promenade/	https://www.promenadeliving.com/
/promenade/amenities	https://www.promenadeliving.com/
/promenade/contact	https://www.promenadeliving.com/
/promenade/floorplans	https://www.promenadeliving.com/
/promenade/location	https://www.promenadeliving.com/
/promenade/photo_gallery	https://www.promenadeliving.com/
/promenade/residents	https://www.promenadeliving.com/
/rancho-corrales-simi-valley-ca/	https://www.ranchocorrales-apts.com/
/rancho-corrales-simi-valley-ca/amenities	https://www.ranchocorrales-apts.com/
/rancho-corrales-simi-valley-ca/contact	https://www.ranchocorrales-apts.com/
/rancho-corrales-simi-valley-ca/floorplans	https://www.ranchocorrales-apts.com/
/rancho-corrales-simi-valley-ca/location	https://www.ranchocorrales-apts.com/
/rancho-corrales-simi-valley-ca/residents	https://www.ranchocorrales-apts.com/
/ranchosantamargarita55	https://www.fountainglenranchosantamargarita.com/
/remington	https://www.remingtonseniors.com/
/remington/amenities	https://www.remingtonseniors.com/
/remington/brochure	https://www.remingtonseniors.com/
/remington/contact	https://www.remingtonseniors.com/
/remington/floorplans	https://www.remingtonseniors.com/
/remington/location	https://www.remingtonseniors.com/
/remington/photo_gallery	https://www.remingtonseniors.com/
/remington/residents	https://www.remingtonseniors.com/
/reserve	https://www.thereserve4s.com/
/reserve/amenities	https://www.thereserve4s.com/
/reserve/contact	https://www.thereserve4s.com/
/reserve/floorplans	https://www.thereserve4s.com/
/reserve/location	https://www.thereserve4s.com/
/reserve/photo_gallery	https://www.thereserve4s.com/
/reserve/residents	https://www.thereserve4s.com/
/resident	/residents/
/ridgecrest	https://www.ridgecrestliving.com/
/ridgecrest/amenities	https://www.ridgecrestliving.com/
/ridgecrest/contact	https://www.ridgecrestliving.com/
/ridgecrest/floorplans	https://www.ridgecrestliving.com/
/ridgecrest/location	https://www.ridgecrestliving.com/
/ridgecrest/photo_gallery	https://www.ridgecrestliving.com/
/ridgecrest/residents	https://www.ridgecrestliving.com/
/seacliff55	https://www.fountainglenseacliff.com/
/sierraheights	/
/sierraheights/amenities	/
/sierraheights/contact	/
/sierraheights/floorplans	/
/sierraheights/location	/
/sierraheights/photo_gallery	/
/sierraheights/residents	/
/skyline	/
/solterra-at-civic-center	https://www.greystar.com/15856
/solterra-at-civic-center/?utm_source=apartmentseo&utm_medium=gmb&utm_campaign=organicmaplisting	https://www.greystar.com/15856
/solterra-at-civic-center/amenities	https://www.greystar.com/15856
/solterra-at-civic-center/contact	https://www.greystar.com/15856
/solterra-at-civic-center/floorplans	https://www.greystar.com/15856
/solterra-at-civic-center/location	https://www.greystar.com/15856
/solterra-at-civic-center/photo_gallery	https://www.greystar.com/15856
/solterra-at-civic-center/residents	https://www.greystar.com/15856
/sonoma	https://www.sonomaatmapleton.com
/sonoma/amenities	https://www.sonomaatmapleton.com
/sonoma/contact	https://www.sonomaatmapleton.com
/sonoma/floorplans	https://www.sonomaatmapleton.com
/sonoma/location	https://www.sonomaatmapleton.com
/sonoma/photo_gallery	https://www.sonomaatmapleton.com
/sonoma/residents	https://www.sonomaatmapleton.com
/southern-california	/
/southern-california/55-senior-living	https://www.fountainglen.com
/southern-california/greater-los-angeles	/los-angeles-apartments-for-rent/
/southern-california/inland-empire	/inland-empire-apartments-for-rent/
/southern-california/orange-county	/orange-county-apartments-for-rent/
/southern-california/san-diego	/san-diego-apartments-for-rent/
/stevensonranch55	https://www.fountainglenstevensonranch.com/
/strata	https://www.stratasf.com/
/strata/	https://www.stratasf.com/
/strata/amenities	https://www.stratasf.com/
/strata/contact	https://www.stratasf.com/
/strata/floorplans	https://www.stratasf.com/
/strata/location	https://www.stratasf.com/
/strata/photo_gallery	https://www.stratasf.com/
/strata/residents	https://www.stratasf.com/
/sunstone	https://www.sunstoneplace.com
/sunstone/amenities	https://www.sunstoneplace.com
/sunstone/contact	https://www.sunstoneplace.com
/sunstone/floorplans	https://www.sunstoneplace.com
/sunstone/location	https://www.sunstoneplace.com
/sunstone/photo_gallery	https://www.sunstoneplace.com
/sunstone/residents	https://www.sunstoneplace.com
/temecula55	https://www.fountainglentemecula.com/
/terravista55	https://www.fountainglenterravista.com/
/the-gables	https://www.liveatmilo.com/
/the-gables/amenities	https://www.liveatmilo.com/
/the-gables/contact	https://www.liveatmilo.com/
/the-gables/floorplans	https://www.liveatmilo.com/
/the-gables/location	https://www.liveatmilo.com/
/the-gables/photo_gallery	https://www.liveatmilo.com/
/the-gables/residents	https://www.liveatmilo.com/
/the-royce	https://www.royceirvine.com/
/the-summit	/
/the-summit/amenities	/
/the-summit/contact	/
/the-summit/floorplans	/
/the-summit/location	/
/the-summit/photo_gallery	/
/the-summit/residents	/
/thecrossing	https://www.thecrossinganaheim.com/
/thecrossing/amenities	https://www.thecrossinganaheim.com/
/thecrossing/contact	https://www.thecrossinganaheim.com/
/thecrossing/floorplans	https://www.thecrossinganaheim.com/
/thecrossing/location	https://www.thecrossinganaheim.com/
/thecrossing/photo_gallery	https://www.thecrossinganaheim.com/
/thecrossing/residents	https://www.thecrossinganaheim.com/
/theknolls	https://www.theknollsapartments.com/
/theknolls/amenities	https://www.theknollsapartments.com/
/theknolls/contact	https://www.theknollsapartments.com/
/theknolls/floorplans	https://www.theknollsapartments.com/
/theknolls/location	https://www.theknollsapartments.com/
/theknolls/photo_gallery	https://www.theknollsapartments.com/
/theknolls/residents	https://www.theknollsapartments.com/
/township	http://www.livetownship.com/
/uploads/images/images/886x323h/10590/6_copy.jpg?1321018290	https://www.remingtonseniors.com/
/uploads/images/images/886x323h/10591/7.jpg?1321018386	https://www.remingtonseniors.com/
/uploads/properties/apply_now_pdfs/original/2023/Application_to_Lease_WA_.pdf?1391638167	/
/uploads/properties/apply_now_pdfs/original/652/ApplicationtoLease_Arizona.pdf?1320056590	/
/uploads/properties/apply_now_pdfs/original/711/Application_to_Lease_CA_Age_Restricted_Communities.pdf?1373663168	/
/uploads/properties/resources_pdfs/original/1015/Cantabria_-_Final_Site_Plan_for_print.pdf?1346324713	/
/uploads/properties/resources_pdfs/original/1992/Gables_Site_Map_Flyer_2015.pdf?1437078139	https://www.liveatmilo.com/
/uploads/properties/resources_pdfs/original/2130/Alterra_Site_Map_-_SRGliving.pdf?1407867583	/
/uploads/properties/resources_pdfs/original/656/BellecourSite_plan.pdf?1320061473	/
/uploads/properties/resources_pdfs/original/659/SRGBR-003_Brookwood_SP.pdf?1320063109	https://www.brookwoodvillas.com/
/uploads/properties/resources_pdfs/original/686/HARBOR_POINT-SP_cx_ver_5.5_.pdf?1320072882	https://www.harborpointeliving.com/
/uploads/properties/resources_pdfs/original/690/Ironhorse_Site_Plan.pdf?1321888246	/
/uploads/properties/resources_pdfs/original/700/MontrachetSitePlan.pdf?1381437959	https://www.montrachetapts.com/
/uploads/properties/resources_pdfs/original/711/sitemap.pdf?1320080352	/
/uploads/properties/resources_pdfs/original/729/Strata_Site_Plan.pdf?1321636771	https://www.stratasf.com/
/uploads/properties/resources_pdfs/original/754/Ironwood_Site_Map.pdf?1329389186	/
/valencia55	https://www.fountainglenvalencia.com/
/venue	http://venuesf.com/
/villaserena	/
/villaserena/amenities	/
/villaserena/contact	/
/villaserena/floorplans	/
/villaserena/location	/
/villaserena/photo_gallery	/
/villaserena/residents	/
/vista-pointe-apartments-covina-ca	https://www.vistapointecovinaapts.com/
/vista-pointe-apartments-covina-ca/amenities	https://www.vistapointecovinaapts.com/
/vista-pointe-apartments-covina-ca/contact	https://www.vistapointecovinaapts.com/
/vista-pointe-apartments-covina-ca/floorplans	https://www.vistapointecovinaapts.com/
/vista-pointe-apartments-covina-ca/location	https://www.vistapointecovinaapts.com/
/vista-pointe-apartments-covina-ca/photo_gallery	https://www.vistapointecovinaapts.com/
/vista-pointe-apartments-covina-ca/residents	https://www.vistapointecovinaapts.com/
/washington	/seattle-apartments-for-rent/
/washington/lynnwood	/lynnwood-seattle-wa-apartments-for-rent/
/washington/mill-creek	/mill-creek-seattle-wa-apartments-for-rent/
/washington/seattle	/seattle-apartments-for-rent/
/waterbrook	/
/waterbrook/amenities	/
/waterbrook/contact	/
/waterbrook/floorplans	/
/waterbrook/location	/
/waterbrook/photo_gallery	/
/waterbrook/residents	/
/westlakecanyon	https://www.westlakecanyonapts.com/
/westlakecanyon/amenities	https://www.westlakecanyonapts.com/
/westlakecanyon/contact	https://www.westlakecanyonapts.com/
/westlakecanyon/floorplans	https://www.westlakecanyonapts.com/
/westlakecanyon/location	https://www.westlakecanyonapts.com/
/westlakecanyon/photo_gallery	https://www.westlakecanyonapts.com/
/westlakecanyon/residents	https://www.westlakecanyonapts.com/
/westview-heights-portland-or	http://westviewheights.mgproperties.com/
